Title,Topic,Excerpt,Summary,Label
Coding with JetLearn: Empowering the next generation of tech innovators,news,"JetLearn provides personalised coding classes for children. They also offer AI, R, and robotics lessons to give your child a well-rounded tech education.","If you look around, you'll see that technology has woven its way into the fabric of our daily lives. With lightning-fast speed, it has revolutionised how humans communicate, work, and live. The future is bright and technology is definitely leading the charge.
Tech innovations have shattered the limitations of what was once thought impossible. It continues to shape our world in ways that one can only imagine; your child will have to face technology in every job opportunity they'll get in the future.",Education
Louisville's Van Lith donates $30K for kid's tech program at Family Scholar House,news,The organization said the donation of tablets will help their children connect to educational programming and will help them succeed in and out of the classroom.,"LOUISVILLE, Ky. — Louisville point guard Hailey Van Lith is giving back to the community with a donation to a local organization that helps children and families.
 
 
 
The Cardinals star donated $30,000 to the 
Family Scholar House
 that will provide 125 tablets for its children's technology program.
 
 
 
Family Scholar House said the technology will help students and children connect to educational programming and resources to help them succeed in and out of the classroom.
 
 
 
More than 50 kids participated Saturday and even received some special swag from Van Lith.",Education
Editorial: Congress finally wakes up to Big Tech's failure to protect kids,news,If any issue can bring notoriously polarized Washington together across party lines — and should — it is the need to protect America's children from such perils as those to,"I
f any issue can bring notoriously polarized Washington together across party lines — and should — it is the need to protect America's children from such perils as those to be found in abundance on the internet.
Illinois U.S. Sen. Dick Durbin, chair of the Senate Judiciary Committee, openly expressed his delight as senators from both parties came together last week in a renewed push to pass federal protections for young people online.
'I don't know if any or all of you realize what you witnessed today,' Durbin said during the session.",In Society
"Take note, lawmakers: ChatGPT could hurt kids more than drag queens or pronouns",news,Arizona legislators should pay more attention to generative AI and its impact on children and less on stoking the culture war.,"ChatGPT is being banned by schools across the country. Here's why.
Schools nationwide are banning OpenAI's ChatGPT. Here's what experts say about the future of artificial intelligence in education.
As a mom of three school-age boys, education and education policy is always top of mind in my house.
I watched closely as our public schools barely avoided a budget crisis when the Arizona House, and then the Senate, 
lifted the constitutional spending cap
 for education.
As a Chinese American, I am closely following 
Senate Bill 1557
, a bill to add 'the history and contributions of Asian American and Pacific Islanders' when state academic standards are reviewed.",Education
"Take note, lawmakers: ChatGPT could hurt kids more than drag queens or pronouns",finance,Arizona legislators should pay more attention to generative AI and its impact on children and less on stoking the culture war.,"As a mom of three school-age boys, education and education policy is always top of mind in my house.
I watched closely as our public schools barely avoided a budget crisis when the Arizona House, and then the Senate, lifted the constitutional spending cap for education.
As a Chinese American, I am closely following Senate Bill 1557, a bill to add 'the history and contributions of Asian American and Pacific Islanders' when state academic standards are reviewed.
Our legislators are also choosing to hear many bills that have less to do about education and more about stoking the culture wars over banned library books, use of school bathrooms and the policing of pronouns.",In Society
Senate Judiciary Hearing on Kid's Privacy – Sunny with a Chance of Section 230 Reform,news,"As we've described here, the Senate made major strides last year on legislation to protect children's privacy and safety online. Indeed, two...","As we've described here, the Senate made major strides last year on legislation to protect children's privacy and safety online. Indeed, two bipartisan bills sailed through a Commerce Committee markup, though they didn't ultimately make it to the floor for a Senate vote. This year, kids' privacy is once again getting attention, beginning with a February 14 Senate Judiciary Committee hearing on the issue. Members used the hearing to tout last year's bills and mention some new ones, too. They also touched on other top-of-mind issues involving the tech industry, such as Section 230 reform and encryption.",In Society
Lawmakers Should Give Parents Control Over Kids' Social Media,news,"Other states should follow in Utah's bold footsteps in taking on Big Tech, for the sake of the next generation of Americans.","Big Tech and America's parents want different things for our kids. A new report co-released last week by the Institute for Family Studies (IFS) and the Ethics and Public Policy Center (EPPC)—titled ""
Five Pro-Family Priorities for the 118th Congress and Beyond
""—makes that indisputably clear.
In a survey by YouGov of more than 2,500 American adults on a host of family policy preferences, EPPC fellow Patrick T. Brown found that 80 percent of parents support requiring parental permission before a minor opens a social media account.",In Society
Senate Judiciary Hearing On Kid's Privacy – Sunny With A Chance Of Section 230 Reform,news,"As we've described here, the Senate made major strides last year on legislation to protect children's privacy and safety online. Indeed, two bipartisan bills sailed through a Commerce Committee…","As we've described 
here
, the Senate made major strides last year on legislation to protect children's privacy and safety online. Indeed, two bipartisan bills sailed through a Commerce Committee 
markup
, though they didn't ultimately make it to the floor for a Senate vote. This year, kids' privacy is once again getting attention, beginning with a February 14 
Senate Judiciary Committee hearing
 on the issue. Members used the hearing to tout last year's bills and mention some new ones, too. They also touched on other top-of-mind issues involving the tech industry, such as Section 230 reform and encryption.",In Society
NH DCYF director urges reps to update case management system,news,"Lawmakers are considering a major technology upgrade to help the New Hampshire Division for Children, Youth and Families.","New Hampshire DCYF director urges state representatives to fund new case management system
 
 
 
 
 
 
 
 
 
 
 
 
 
 
 
 
 
 
 
 
 
 
 
 
 
 
 
Copy Link
 
 
 
 
 {copyShortcut} to copy 
 
 Link copied! 
 
 


 
 
 
 
 
 
 Updated: 9:24 PM EST Feb 27, 2023 
 
 


 


 MANCHESTER. AND CONTINUE OUT INTO THE STREET. LAWMAKERS ARE CONSIDERING A MAJOR TECHNOLOGY UPGRADE TRYING TO HELP THE STATE'S DIVISION FOR CHILDREN, YOUTH AND FAMILIES. TODAY, THE D.C. WHY HAVE DIRECTOR TESTIFIED BEFORE MEMBERS TO THE HOUSE FINANCE COMMITTEE? BECAUSE THEY'RE WORKING ON THE STATE BUDGET.",In Society
Editorial: Congress finally wakes up to Big Tech's failure to protect kids,news,If any issue can bring notoriously polarized Washington together across party lines — and should — it is the need to protect America's children from such perils as those to be found in abundance on…,"If any issue can bring notoriously polarized Washington together across party lines — and should — it is the need to protect America's children from such perils as those to be found in abundance on the internet.
Illinois U.S. Sen. Dick Durbin, chair of the Senate Judiciary Committee, openly expressed his delight as senators from both parties came together last week in a renewed push to pass federal protections for young people online.
'I don't know if any or all of you realize what you witnessed today,' Durbin said during the session.",In Society
EXCLUSIVE: Senators Rally To Overhaul National Tipline For Child Sexual Abuse Material,business,Bipartisan senators Marsha Blackburn and Jon Ossoff have unveiled legislation to place more onus on social media companies when it comes to reporting illegal content of kids and teens.,"Senators Marsha Blackburn and Jon Ossoff are out to improve the process tech platforms use to flag dangerous content of children to law enforcement.
Getty Images
 


A
 pair of bipartisan senators introduced legislation today to overhaul the national tipline that social media platforms and tech companies use to flag online child exploitation and sexual abuse material to law enforcement.
 
More than 200 electronic service providers make millions of voluntary reports each year to the 'CyberTipline' managed by the National Center for Missing and Exploited Children.",In Society
Lawmakers warned about tech addiction among kids,science,"An addiction expert and author is warning House members about the detrimental effects of social media, technology and mobile devices on children and teenagers in schools across the country.","An addiction expert and author is warning House members about the detrimental effects of social media, technology and mobile devices on children and teenagers in schools across the country.
Nicholas Kardaras told lawmakers on the House Education and Employment Committee that Big Tech companies and overall screen usage on mobile phones have played a role in technology addiction among students.
It has resulted in poor mental health and in some cases, lower test scores and poor behavior, Kardaras said.",Menatal Health
Experts Answer How Gadgets Are Impacting Parent Child Relationships,world,"kids, phones, usage of phones, use of phones, tablets, lifestyle, too much screen time, excessive screen time, screen time affects relationships, gadgets, gadgets affecting parent-child relationships","In today's tech-driven world, gadgets are becoming increasingly prevalent in our lives and, as a result, are having a significant impact on parent-child relationships. Smartphones are affecting the crucial connections within families. Children of all ages have access to all sorts of electronic devices, from smart phones and tablets to gaming consoles and more.
While these devices can offer many benefits to youngsters, such as making education more accessible, allowing them to explore their interests, keeping them entertained and connected to their friends and family, they can also have a negative impact on parent-child relationships.",In Society
BARK TECHNOLOGIES AND VILO LIVING ANNOUNCE PARTNERSHIP,news,"Bark's Award-Winning Parental Controls Integrated into Vilo's Mesh Wi-Fi RoutersATLANTA, Feb. 28, 2023 /PRNewswire/ -- Bark Technologies today announced a partnership with Vilo Living, the Seattle…","Bark's Award-Winning Parental Controls Integrated into Vilo's Mesh Wi-Fi Routers
ATLANTA, Feb. 28, 2023 /PRNewswire/ -- Bark Technologies today announced a partnership with Vilo Living, the Seattle-based technology startup with a mission to make easy, affordable, and reliable Wi-Fi connectivity available to anyone through their mesh hardware and remote management solutions. This partnership will enable Vilo users to benefit from the online safety leader's parental control solutions by integrating in-home parental controls within Vilo's mesh Wi-Fi systems at no extra cost to all of Vilo's end users based in the U.",Parenting
"Young Indian kid will no more be denied their dreams because of English, says Amit Agrawal, founder of OckyPocky",news,"EduTech startups would play a crucial role in solving the problem of skill gaps at schools: Amit Agrawal, founder of OckyPocky","As we are progressing, our need and dependence on learning different languages has also increased. English is a must if you are planning to prepare for any competitive exam. To help kids achieve their dreams, Amit Agrawal, the founder of OckyPocky has launched an app that can help children learn English easily. OckyPocky offers children an easy gamified learning experience.
 
What is OckyPocky?
 
In most simple terms, OckyPocky is an interactive English learning app, focused on non-English speaking families.",Education
Vivek Murthy wants kids off social media,economics,"Surgeon General Vivek Murthy is an evangelist for wellness, hosting town halls and expounding on meditation and mindfulness on his House Calls podcast. He's particularly concerned about kids' mental health and has issued guidance for young people, suggesting they ask for help, volunteer in their communities and learn stress management techniques. In conversation with Ruth, he calls out social media as a unique threat to the rising generation, a view shared by many in Congress who are considering legislation to make it harder for kids to use the technology.","TECH MAZE

Surgeon General Vivek Murthy is an evangelist for wellness, hosting town halls and expounding on meditation and mindfulness on his House Calls podcast.

He's particularly concerned about kids' mental health and has issued guidance for young people, suggesting they ask for help, volunteer in their communities and learn stress management techniques. And he's testified before Congress about the topic.

In conversation with Ruth, he calls out social media as a unique threat to the rising generation, a view shared by many in Congress who are considering legislation to make it harder for kids to use the technology.",Menatal Health
Kids' Screen Time Rose During the Pandemic and Stayed High. That's a Problem,news,"It's too early to see how increased screen time may affect kids long-term, but many educators say they have seen negative effects.","The pandemic led to a rapid rise in screen time among kids while the vast majority of them engaged in full-time remote or hybrid learning. 
But as COVID-19 restrictions lifted and students returned to in-person instruction, the time they spent in front of screens didn't come back down as expected, according to newly released 
research supported by the National Institutes of Health and published in the journal Pediatrics
. Those elevated levels of screen time persisted for more than one year after the pandemic forced mass school building closures nationwide.",Menatal Health
BARK TECHNOLOGIES AND VILO LIVING ANNOUNCE PARTNERSHIP,news,,"[February 28, 2023] BARK TECHNOLOGIES AND VILO LIVING ANNOUNCE PARTNERSHIP

Bark's Award-Winning Parental Controls Integrated into Vilo's Mesh Wi-Fi Routers ATLANTA, Feb. 28, 2023 /PRNewswire/ -- Bark Technologies today announced a partnership with Vilo Living, the Seattle-based technology startup with a mission to make easy, affordable, and reliable Wi-Fi connectivity available to anyone through their mesh hardware and remote management solutions. This partnership will enable Vilo users to benefit from the online safety leader's parental control solutions by integrating in-home parental controls within Vilo's mesh Wi-Fi systems at no extra cost to all of Vilo's end users based in the U.",Parenting
Senate Judiciary Hearing on Kid's Privacy – Sunny with a Chance of Section 230 Reform,news,"As we've described here, the Senate made major strides last year on legislation to protect children's privacy and safety online. Indeed, two bipartisan","As we've described 
here
, the Senate made major strides last year on legislation to protect children's privacy and safety online. Indeed, two bipartisan bills sailed through a Commerce Committee 
markup
, though they didn't ultimately make it to the floor for a Senate vote. This year, kids' privacy is once again getting attention, beginning with a February 14 
Senate Judiciary Committee hearing
 on the issue. Members used the hearing to tout last year's bills and mention some new ones, too. They also touched on other top-of-mind issues involving the tech industry, such as Section 230 reform and encryption.",In Society
Tennessee Attorney General Jonathan Skrmetti Hosts Town Hall Meetings to Discuss Big Tech's Impact on Children,news,Nashville- Tennessee Attorney General Jonathan Skrmetti announced today the Attorney General's Office will host three town hall meetings across the state to,"Tennessee Attorney General Jonathan Skrmetti announced today the Attorney General's Office will host three town hall meetings across the state to discuss the impact Big Tech is having on Tennessee families, particularly children.

'Social media platforms hurt kids with products designed to be addictive and recommended content that exacerbates depression and self-harm,' General Skrmetti said. 'Tennessee is proud to be a leader in pursuing transparency and accountability for social media companies.",In Society
BARK TECHNOLOGIES AND VILO LIVING ANNOUNCE PARTNERSHIP,news,"This partnership will enable Vilo users to benefit from the online safety leader's parental control solutions by integrating in-home parental controls within Vilo's mesh Wi-Fi systems at no extra cost to all of Vilo's end users based in the U.S. Founded in 2015 by , a tech executive and father of two, Bark is known for developing highly sophisticated, AI-powered parental safety tools that include a newly launched smartphone, an app, a local network hardware device, school-specific monitoring systems, the Parenting in a Tech World book, and other educational resources that help keep 6.5 million children safe at home and in more than 3,400 schools and districts nationwide. As the first partnership to offer Bark's safety tools within a mesh Wi-Fi system available directly to consumers, the Bark/Vilo integration can help safeguard connected devices within the home, allowing parents to manage when their kids can access the internet by setting custom schedules and screen time rules.","Bark's Award-Winning Parental Controls Integrated into Vilo's Mesh Wi-Fi Routers

ATLANTA, Feb. 28, 2023 /PRNewswire/ -- Bark Technologies today announced a partnership with Vilo Living, the Seattle-based technology startup with a mission to make easy, affordable, and reliable Wi-Fi connectivity available to anyone through their mesh hardware and remote management solutions. This partnership will enable Vilo users to benefit from the online safety leader's parental control solutions by integrating in-home parental controls within Vilo's mesh Wi-Fi systems at no extra cost to all of Vilo's end users based in the U.",Parenting
YouTube accused of collecting UK children's data,news,"Duncan McCann says he has tried to explain to his own children how platforms like YouTube use their dataYouTube has been accused of collecting the viewing data of children aged under 13, in breach of…","YouTube has been accused of collecting the viewing data of children aged under 13, in breach of a UK data privacy code designed to protect children.
Campaigner Duncan McCann has lodged an official complaint with the Information Commissioner's Office (ICO).
He says the site is gathering data about the videos children watch, where they are watching and what device they are watching it on.
YouTube said it had invested in protecting families.
This included treating all children's content as though children were viewing it, even on an adult's account, it said.",In Society
"Youth's Excessive Social Media Usage May Jeopardize Mental Health, Says Dr. Drew",news,"Apparently, social media can contribute to school bullying, too!","Trisha Kae Andrada
, Tech Times 
26 February 2023, 10:02 am
 
 
 
(Photo : Rich Fury/Getty Images)
LOS ANGELES, CALIFORNIA - FEBRUARY 27: Dr. Drew Pinsky visits the SiriusXM Hollywood Studio on February 27, 2020 in Los Angeles, California.
 
 
Excessive screen time may harm young people's mental health, according to an expert who has voiced concern about the trend in the US.
 
In an episode of 
One Nation with Brian Kilmeade
 on Fox News, Kilmeade and Dr. Drew Pinsky spoke about how social media has contributed to a rise in bullying in schools.",Menatal Health
YouTube accused of collecting UK children's data,energy,The video platform faces a challenge over claims it is gathering and using the data of under-13s.,"Image caption, 
Duncan McCann says he has tried to explain to his own children how platforms like YouTube use their data
YouTube has been accused of collecting the viewing data of children aged under 13, in breach of a UK data privacy code designed to protect children.
Campaigner Duncan McCann has lodged an official complaint with the Information Commissioner's Office (ICO).
He says the site is gathering data about the videos children watch, where they are watching and what device they are watching it on.",In Society
YouTube accused of collecting UK children's data,news,The video platform faces a challenge over claims it is gathering and using the data of under-13s.,"Image caption, 
Duncan McCann says he has tried to explain to his own children how platforms like YouTube use their data
YouTube has been accused of collecting the viewing data of children aged under 13, in breach of a UK data privacy code designed to protect children.
Campaigner Duncan McCann has lodged an official complaint with the Information Commissioner's Office (ICO).
He says the site is gathering data about the videos children watch, where they are watching and what device they are watching it on.",In Society
California Bill Would Prohibit Social Media From Promoting Harmful Content to Minors,news,"A newly introduced California bill would, if passed, prohibit social media sites from promoting content that can lead ...","A newly introduced California bill would, if passed, prohibit social media sites from promoting content that can lead minors to purchase fentanyl or firearms—including ghost guns—commit suicide, develop an eating disorder, inflict harm on themselves or others, or develop an addiction to the platform.

Sen. Nancy Skinner (D-Berkeley), who introduced Senate Bill 287 earlier this month, said in a Feb. 2 statement it is designed to hold social media platforms accountable for allowing 'harmful content toward youth.",In Society
Governor Newsom Condemns Lawsuit Against AB 2273 Online Law,news,Governor Gavin Newsom released a statement on Tuesday against a court case challenging a law passed last year that was intended to protect the data and,"Governor Gavin Newsom 
released a statement
 on Tuesday against a court case challenging a law passed last year that was intended to protect the data and privacy of children online over free speech and ease of business concerns.
 
Signed into law in September 2022
 by the governor, 
AB 2273
 established the California Age-Appropriate Design Code Act. Under the law, businesses that provide an online service, product, or feature likely to be accessed by children to have high privacy levels included as default and provide privacy information, terms of service, policies, and community standards concisely and prominently for those under 18 to read.",In Society
MIND MATTERS: Technology has radically changed our lives,news,"It has been very interesting to me that in the last several months, the mental health issues that I read about the most concern children and adolescents. Remember the last","It has been very interesting to me that in the last several months, the mental health issues that I read about the most concern children and adolescents. Remember the last column that addressed childhood and adolescent overweight and obesity? Well, there are still several articles, studies and books coming out that are taking a hard look at how our kids are being affected by technology and more specifically by social media in the last decade or more, exacerbated by the COVID-19 pandemic. You also know that I love listening to podcasts, so I thought I would give you another contemporary series to listen to, one that takes a very personal look at these issues of tech and social media.",In Society
eSafety goes legal to save kids from platforms,news,"The eSafety Commissioner has served legal notices on social media giants and one of the world's largest technology companies, calling on them to demonstrate how they're keeping children safe online.…","The eSafety Commissioner
 has served legal notices on social media giants and one of the world's largest technology companies, calling on them to demonstrate how they're keeping children safe online.


eSafety Commissioner Julie Inman Grant said the notices were issued to Twitter, TikTok, Google (including YouTube), livestreaming site Twitch and online chat and instant messaging service Discord.


Ms Inman Grant said the notices were issued under Australia's new 
Basic Online Safety Expectations
, which set out the safety measures expected of technology companies to protect Australian users, particularly children, from harm.",In Society
Here's why we think the HUAWEI MatePad SE 10.4' Kids Edition is the ideal and safe tablet for your young ones for KWD 52.9 this year in Kuwait,news,"In today's digital age, children are increasingly exposed to technology from a young age. While some parents may have concerns about the effects of scre","In today's digital age, children are increasingly exposed to technology from a young age. While some parents may have concerns about the effects of screen time on their children, others see the benefits that technology can offer in terms of education, entertainment, and developing digital skills all in a safe and healthy way. Huawei recently launched a unique kids' tablet - the HUAWEI MatePad SE 10.4' Kids Edition, specifically designed for children aged 3-8 with their health, safety and education in mind.",In Society
"Disrupting the Metaverse, Web 3.0 with Robert Lanteigne",business,"Disruption Interruption podcast host and veteran communications disruptor Karla Jo Helms interviews Robert Lanteigne, an award-winning entrepreneur and founder of Sizzmic Transmedia — and learns about the potential of","Disruption Interruption podcast host and veteran communications disruptor Karla Jo Helms interviews Robert Lanteigne, an award-winning entrepreneur and founder of Sizzmic Transmedia — and learns about the potential of the metaverse to bridge younger and elder generations while providing constructive experiences for children.

TAMPA, Fla., Feb. 28, 2023 /PRNewswire-PRWeb/ -- Many young children can handle technology with more skill than their parents and grandparents, which makes monitoring their internet activity a challenge.",Parenting
Go back to school for free with these online and in-person classes,news,"If time and cost are reasons to avoid going back to school, here's a reason to reconsider: free online and local in-person classes and courses.","If time and cost are reasons to avoid going back to school, here's a reason to reconsider: free online and local in-person classes and courses. Self-paced online courses are ideal for people who prefer to learn on their own time, while in-person resources offer everything from French classes to knitting.

Clear your calendar, select your classes and commit to some educational enrichment.

For children

Swift Playgrounds. Created for users of Apple products, this app is ideal for beginners. Swift Playgrounds helps users build interactive puzzles, learn basic coding skills and advance at their own pace to bring ideas to fruition.",Education
Simone Larson: No battle Fridays,news,Pick your battles is one of my favorite teaching and parenting slogans. RoundTable columnist Simone Larson I even have something I coined no battle,"Pick your battles
 is one of my favorite teaching and parenting slogans. 




RoundTable columnist 


I even have something I coined 
no battle Friday, 
which takes place most Fridays during the school year in my classroom. It's pretty much how it sounds. 
 
On Fridays, I try my personal hardest not to engage in any battles with anyone about anything. However, there is one battle that I must pick every single time. And that is the technology battle.
 
It is my firm belief (based on inconclusive and unsubstantial [essentially nonexistent] evidence) that unfettered access to tablets and smartphones are to this generation what cigarettes were to our parents and grandparents.",In Society
Quick Gifts for Kids,news,"Holiday shopping can be stressful and overwhelming, especially when it comes to buying gifts for the kids in your life. It can be hard to think of something that won't break the bank but will still…","Holiday shopping can be stressful and overwhelming, especially when it comes to buying gifts for the kids in your life. It can be hard to think of something that won't break the bank but will still make them smile. But don't worry – we have you covered! Here are some great ideas for quick gifts that will make any kid's holiday extra special.
Headphones: Kids ALWAYS need headphones, especially now with all the technology in schools. We were able to try Tribit, which are high-tech Bluetooth Kids' Headphones.",In Society
All that screen time is damaging my kids. How do I wean them off their devices? Ask Lisi,news,"Warn them of the physical harms — and be prepared to nag, Lisi advises.","QMy children are always on their devices. Yes, we have basic house rules, but they're teenagers. No phones before they leave for school, at the dinner table, or in their bedrooms after 11 p.m. That still leaves an abundance of hours that they can be on their devices.

I actually thought their high school had a 'no phones in the classroom' rule, similar to their elementary and middle schools. But apparently, I am wrong. There are no rules whatsoever regarding their phones.

Besides the obvious problem with all that technology, staring at a tiny screen all day, and filling their brains with garbage, I'm actually seeing their posture change.",Parenting
"Disrupting the Metaverse, Web 3.0 with Robert Lanteigne",news,"TAMPA, Fla. (PRWEB) February 28, 2023 -- Disruption Interruption podcast host and veteran communications disruptor Karla Jo Helms interviews Robert Lanteigne, an award-winning entrepreneur and founder…","The potential for positive, constructive, community-building activities in the metaverse is almost unimaginable and mostly untapped.
 
 
TAMPA, Fla. (PRWEB)
 
February 28, 2023
 
 Many young children can handle technology with more skill than their parents and grandparents, which makes monitoring their internet activity a challenge. Educational content online can increase a child's IQ, accelerate learning and develop problem-solving skills.(1) Still, cyberbullying, sexual predators, malware, and financial scams are justified parental concerns.",Education
"Disrupting the Metaverse, Web 3.0 with Robert Lanteigne",news,"Disruption Interruption podcast host and veteran communications disruptor Karla Jo Helms interviews Robert Lanteigne, an award-winning entrepreneur and founder of Sizzmic Transmedia — and learns about…","Disruption Interruption podcast host and veteran communications disruptor 
Karla Jo Helms
 interviews 
Robert Lanteigne
, an award-winning entrepreneur and founder of Sizzmic Transmedia — and learns about the potential of the metaverse to bridge younger and elder generations while providing constructive experiences for children.
TAMPA, Fla.
, 
Feb. 28, 2023
 /PRNewswire-PRWeb/ -- Many young children can handle technology with more skill than their parents and grandparents, which makes monitoring their internet activity a challenge.",In Society
#EdTechMonday: Stakeholders push for hybrid mode of teaching post-COVID,economics,Some education stakeholders are advocating for both traditional and online educational methods. They are of the opinion that a hybrid,"Some education stakeholders are advocating for both traditional and online educational methods.


They are of the opinion that a hybrid mode will guarantee pupil inclusion at all levels of education in the nation.


Panellists who participated in the February 2023 episode of Edtech Monday on 
Citi Breakfast Show
 strongly argued in favour of the hybrid choice as an effort to close the equity gap in access to education.


'The hybrid model is a viable option for children once they are able to access.",Education
"Mississippi Father Speaks Out On Son's Suicide, Blaming Instagram 'Sextortion'",news,"The Mississippi father of a teen boy who ended his own life due to online 'sextortion,' publicly cautioned parents to...","The Mississippi father of a teen boy who ended his own life due to online ""sextortion,"" publicly cautioned parents to be aware of their children's social media usage, as the national discussion on cyber security becomes a prominent topic.
 
 
Brian Montgomery experienced a terrible loss when his son Walker, aged 16, committed suicide due to being blackmailed with explicit images.
 
On ""America's Newsroom,"" Montgomery appeared to discuss the tragedy and explore how parents can take action to protect their children.",Parenting
Online platform will help global fight against child sexual exploitation material,news,"Having nudes online is scary, but now an online platform will help take them down.","A 
new online tool
 will help the global fight against intimate images of children being shared online.
 The National Center for Mission & Exploited Children​ (NCMEC) is the largest and most influential child protection organisation in the United States.
 It has now launched 
Take It Down
, a new platform designed to proactively prevent young people's intimate images from spreading online.
 Young people or anyone whose intimate images of when they were under 18 are able to submit a case that will proactively search for their intimate images on Facebook, Instagram, Only Fans, Yubo and PornHub.",In Society
"NCMEC Launches New Service That Can Help You ""Take It Down""",business,"New tool created to fight against exploitation and sextortion of minors. ALEXANDRIA, Va., Feb. 27, 2023 /PRNewswire/ -- The National Center for Missing & Exploited Children has created a powerful tool to help","New tool created to fight against exploitation and sextortion of minors.

ALEXANDRIA, Va., Feb. 27, 2023 /PRNewswire/ -- The National Center for Missing & Exploited Children has created a powerful tool to help children regain control. Today, the nation's leading child protection organization is announcing a new tool to combat child sexual exploitation and help kids remove their sexually explicit images from the internet. The groundbreaking platform, aptly named, Take It Down, is available now and allows users from around the world to submit a report that can help remove online nude, partially nude, or sexually explicit photos and videos depicting a child under 18 years old.",In Society
The best free parental control software for PCs and mobile,tech,Parental controls can keep your kids safe from the dangers of the internet. Here are the best free software options out there that can help you manage them.,"Everything in this world has gone digital, and that includes homework (if you have kids). If your children are young, you're probably not giving them laptops or free rein of the family computer yet. You're also probably not always able to monitor their screen activity, either.
 
 
Contents
 


What's next?
 
 


That's where parental control software comes in handy. Such software helps keep your kids safe from the dark web, and there are usually free options available for all operating systems. Keep reading to find out more.",Parenting
"NCMEC Launches New Service That Can Help You ""Take It Down""",news,"ALEXANDRIA, Va., Feb. 27, 2023 /PRNewswire/ -- The National Center for Missing & Exploited Children has created a powerful tool to help children regain control. Today, the nation's leading child protection organization is announcing a new tool to combat child sexual exploitation and help kids remove their sexually explicit images from the internet. The groundbreaking platform, aptly named, Take It Down, is available now and allows users from around the world to submit a report that can help remove online nude, partially nude, or sexually explicit photos and videos depicting a child under 18 years old.","New tool created to fight against exploitation and sextortion of minors.

ALEXANDRIA, Va., Feb. 27, 2023 /PRNewswire/ -- The National Center for Missing & Exploited Children has created a powerful tool to help children regain control. Today, the nation's leading child protection organization is announcing a new tool to combat child sexual exploitation and help kids remove their sexually explicit images from the internet. The groundbreaking platform, aptly named, Take It Down, is available now and allows users from around the world to submit a report that can help remove online nude, partially nude, or sexually explicit photos and videos depicting a child under 18 years old.",In Society
Online sharing etiquette for parents,news,"As kids become more digitally-savvy, parents play a big role in keeping their children safe online. It is crucial to be aware of the potential risks children are vulnerable to such as inappropriate content, online bullying and even exploitation. It's increasingly important for parents to be more vig","More from us:




PressReader 
 
























 
 


 














 
 


 
As kids become more digitally-savvy, parents play a big role in keeping their children safe online. It is crucial to be aware of the potential risks children are vulnerable to such as inappropriate content, online bullying and even exploitation. It's increasingly important for parents to be more vigilant about keeping their children safe online. Here are some basic rules parents can take to protect their children while they are online:




Talk about safety.",Parenting
"NCMEC Launches New Service That Can Help You ""Take It Down""",news,"/PRNewswire/ -- The National Center for Missing & Exploited Children has created a powerful tool to help children regain control. Today, the nation's leading...","New tool created to fight against exploitation and sextortion of minors.
ALEXANDRIA, Va.
, 
Feb. 27, 2023
 /PRNewswire/ -- The National Center for Missing & Exploited Children has created a powerful tool to help children regain control. Today, the nation's leading child protection organization is announcing a new tool to combat child sexual exploitation and help kids remove their sexually explicit images from the internet. The groundbreaking platform, aptly named, 
Take It Down
, is available now and allows users from around the world to submit a report that can help remove online nude, partially nude, or sexually explicit photos and videos depicting a child under 18 years old.",In Society
Tech giants ordered to explain efforts to combat child sexual abuse,news,"Twitter, TikTok and Google will be forced to answer questions about how they handle online sexual abuse in Australia or face hefty fines.","'s eSafety Commissioner Julie Inman Grant has issued legal notices to Twitter, TikTok and Google and two gaming platforms.
 Source: AAP / MICK TSIKAS
's eSafety commissioner has issued legal notices to Twitter, TikTok and Google and two gaming platforms. 
The companies have 35 days to respond to the commissioner's questions or risk fines of up to $687,000 a day.
Similar notices were issued to Apple, Meta, Microsoft, Snap and Omegle six months ago.
Twitter, TikTok and Google will be forced to answer questions about how they tackle child sexual abuse and blackmail attempts on their platforms after the n eSafety commissioner issued legal notices to the companies.",In Society
"Tech enthusiast develops ‘Shiksha', a teaching robot for children",economics,Mashelkar said that the idea to develop 'Shiksha' occurred to him during the covid induced lockdown when students stayed glued to mobile phones or computers for lessons online.,"A tech enthusiast in Sirsi, Karnataka has developed ‘Shiksha', a humanoid robot that can teach children up to class four, according to an official statement. The model is developed by Akshay Mashelkar, a post-graduate in physics with specialisation in electronics, the statement said. 'The model is ready but it has not been deployed anywhere officially. ‘Shiksha' can be a useful learning tool for students up to class four,' Mashelkar said.
 
Mashelkar said that the idea to develop ‘Shiksha' occurred to him during the covid induced lockdown when students stayed glued to mobile phones or computers for lessons online.",Education
"Scholastic and SoapBox Labs, the Award-Winning Speech Recognition Technology Company, Announce New Partnership to Enhance Efficacy and Equity of Literacy Instructional Programs",news,"NEW YORK, Feb. 22, 2023 /PRNewswire/ -- Today, Scholastic, the global children's publishing, education and media company, announced a multi-year, strategic partnership to voice enable its future reading products with SoapBox Labs ' award-winning, AI-based speech engine, built to accurately recognize children's voices and diagnose reading fluency and disfluencies, regardless of race, background, age or ethnicity. Ready4Reading, a new foundational skills curriculum, is Scholastic's first reading product to leverage SoapBox technology and will be available initially to U.S. schools and districts this summer. Uniting explicit and systematic foundational skills instruction with engaging and authentic reading and writing text experiences, Ready4Reading leverages a unique four-part instructional framework: Teach, Practice, Apply, Prove.","Scholastic Launches Ready4Reading, a Systematic, Grounded in Science Curriculum for Phonics Instruction, as the Company's First Voice-Enabled Product Leveraging SoapBox Technology

NEW YORK, Feb. 22, 2023 /PRNewswire/ -- Today, Scholastic, the global children's publishing, education and media company, announced a multi-year, strategic partnership to voice enable its future reading products with SoapBox Labs ' award-winning, AI-based speech engine, built to accurately recognize children's voices and diagnose reading fluency and disfluencies, regardless of race, background, age or ethnicity.",Education
"Scholastic and SoapBox Labs, the Award-Winning Speech Recognition Technology Company, Announce New Partnership to Enhance Efficacy and Equity of Literacy Instructional Programs",news,"Scholastic Launches Ready4Reading, a Systematic, Grounded in Science Curriculum for Phonics Instruction, as the Company's First Voice-Enabled Product Leveraging SoapBox Technology NEW YORK, Feb. 22,…","Scholastic Launches Ready4Reading, a Systematic, Grounded in Science Curriculum for Phonics Instruction, as the Company's First Voice-Enabled Product Leveraging SoapBox Technology
NEW YORK, Feb. 22, 2023 /PRNewswire/ -- Today, Scholastic, the global children's publishing, education and media company, announced a multi-year, strategic partnership to voice enable its future reading products with SoapBox Labs' award-winning, AI-based speech engine, built to accurately recognize children's voices and diagnose reading fluency and disfluencies, regardless of race, background, age or ethnicity.",Education
"STEM Education Franchise iCode School Opens New Location in Chandler, Arizona",finance,"Grand opening of iCode School in Chandler, AZ.iCode School is preparing students for the digital workforce of tomorrow.Chandler, AZ - February 24th, 2023 - Chandler welcomed a popular education…","Grand opening of iCode School in Chandler, AZ.
iCode School is preparing students for the digital workforce of tomorrow.
Chandler, AZ - February 24th, 2023 -
 Chandler welcomed a popular education franchise to the area with a grand opening event on Saturday, February 11th. iCode is a STEM education campus where kids can learn about everything from coding to programming drones and robotics to digital arts. Councilwoman Christine Ellis of the Chandler City Council and Terri Kimble, President/CEO of the Chandler Chamber of Commerce, were in attendance.",Education
Bengaluru-based transwoman codes her way into breaking barriers,news,"Till two months ago, Srusti, 14, from Morarji Desai Residential School, Challakere, Chitradurga, never had the chance to learn coding back in her home","BENGALURU: Till two months ago, Srusti, 14, from Morarji Desai Residential School, Challakere, Chitradurga, never had the chance to learn coding back in her hometown.But she developed a huge interest in STEM (science, technology, engineering, and mathematics) after she was taught coding and mentored by Yaana Nayak, 39, a transwoman, in Bengaluru.Srusti is now back in her residential school in Challakere and set to work on her project of developing a sensor-based smart home, smart street, and smart solar panel for other exhibitions.",Education
"Dist Labour Officials To Distribute 4,000 Tablets To Kids Of Construction Workers",news,"The district labour authorities are preparing to distribute 4,000 digital tablets to children of registered construction site workers this year. The t","MYSURU: The district labour authorities are preparing to distribute 4,000 digital tablets to children of registered construction site workers this year. The tablets will be distributed for high school students studying in class ninth and tenth.The distribution aims at promotion of online education as many of the students left school without access to digital learning tools like smart phones, tablets and laptops, when both private and public schools promoted digital mode of education from the last few years.",Education
YouTube brings Hopster Learning to Primetime Channels,news,"Leading global provider of digital subscription content services for children and families, Sandbox Kids, has announced that its preschool educational subscription video-on-demand (SVOD) platform,…","All content ties into one the following themes - fun learning, family favourites, language & literacy, numbers & solving puzzles - and the channel aims to offer kids fun learning opportunities through classic children's shows. These include Numberblocks, Fireman Sam and Pigu, original productions, like Saturday Club and Kids Who Save the World and music videos, such as Big Block Singsong.
'We're excited about launching a new children's service on YouTube and to be able to reach families who are looking for safe and quality kids entertainment on even more platforms,' commented 
Sandbox Kids
 general manager Miki Chojnacka.",In Society
Thread: YouTube brings Hopster Learning to Primetime Channels,news,"Yesterday, 15:14:33 #1 YouTube brings Hopster Learning to Primetime Channels Details Editor | 28 February 2023 Leading global provider of digital subscription content services for children and…","Yesterday, 
15:14:33






#1






 


 






Details
Editor
| 28 February 2023
Leading global provider of digital subscription content services for children and families, Sandbox Kids, has announced that its preschool educational subscription video-on-demand (SVOD) platform Hopster Learning is now available on YouTube's Primetime Channels in the US.
Hopster 27 Feb 2023
All content ties into one the following themes - fun learning, family favourites, language & literacy, numbers & solving puzzles - and the channel aims to offer kids fun learning opportunities through classic children's shows.",Education
DVIS hosts a discussion on human trafficking for parents and guardians,news,"'I didn't know what to do. This guy who I thought was a kid at my school, this guy who I thought was my friend, and he's asking me for all these inappropriate things and threats.""","TULSA, Okla. — Parents in Tulsa are being warned to look for signs that their child might be the target of human trafficking.
 A public discussion was held Tuesday evening to raise awareness and give parents advice on what to watch out for in case their child is being targeted. 
Domestic Violence Intervention Services
 (DVIS) hosted the discussion and said it's very important for parents to monitor technology their children are using and report any worries to the police.
Gabrielle Martin is 18 years old, but when she was 12, she was targeted on Snapchat.",Parenting
Parents: How we guard our children from social media predators,news,"• 'Ugly sides of exposing kids to social  By Kate Halim When children are left unsupervised to surf endlessly on the social media because they have access to smartphones, they can be exposed to many vices. They can also become targets for internet bullies, get exposed to pornography and become addicted to social media.  These […]","• 'Ugly sides of exposing kids to social

By Kate Halim

When children are left unsupervised to surf endlessly on the social media because they have access to smartphones, they can be exposed to many vices. They can also become targets for internet bullies, get exposed to pornography and become addicted to social media.

These are the views of some parents as well as experts on mental health and child issues who spoke with Saturday Sun.

Forty-two-year-old Deb Babatunde is a doctor and mother of two girls.",In Society
How To Kid-Proof An Amazon Fire Tablet,news,"If you happen to have plans to buy an Amazon Fire tablet for your child, you can rig it so that certain features are inaccessible to them.","We may receive a commission on purchases made from links.
 
Anyone who is tasked with keeping children busy while juggling important duties can tell you that having 
a mobile device assigned specifically for kid use
 is pretty much essential. However, leaving young users to their own devices so to speak can have disastrous repercussions like accidental in-app purchases and access to age-inappropriate content. In order to avoid any of these scenarios from happening, 
fortifying the parental controls
 is a must.",Parenting
Get your kids outdoors! Para umano mabawasan ang negative effects ng screentime,news,"Screens are part of today's culture, but there are many benefits to limiting screen time especially for your children.","In this article, you'll read:




What is the effect of too much screen time on your child's health


things that parents should do to manage kids' screen time


fun outdoor activities to try and enjoy


 
What is the effect of too much screening time on your child's health?


'Screen time' refers to activities engaged in front of different devices, such as watching television, working on a computer, or 
playing video games
. Sedentary activity means sitting down and being physically inactive.


Although screens are a part of today's culture, there are many benefits to limiting screen time, such as enhanced overall health, lower obesity, and more time to play, learn and explore.",Parenting
New Study Reveals Simple Way To Mitigate Screen Time's Negative Effects on Children,science,Researchers from Osaka University have discovered that mitigating the harmful effects of screen time on young minds could be as straightforward as encouraging children to play outside. Parents with…,"Screen time refers to the amount of time spent using digital devices such as smartphones, tablets, and computers. Excessive screen time has been linked to a range of negative effects on children, including decreased physical activity, disrupted sleep patterns, decreased attention span and cognitive skills, and decreased social skills and emotional well-being.
Researchers from Osaka University have discovered that mitigating the harmful effects of screen time on young minds could be as straightforward as encouraging children to play outside.",Menatal Health
France aims to protect kids from parents oversharing pics online,news,"‘The message to parents is that their job is to protect their children's privacy,' lead lawmaker says.","PARIS — French parents had better think twice before posting too many pictures of their offspring on social media. 
 
On Tuesday, members of the National Assembly's law committee unanimously green-lit draft legislation to protect children's rights to their own images. 
 
""The message to parents is that their job is to protect their children's privacy,"" Bruno Studer, an MP from President Emmanuel Macron's party who put the bill forward, said in an interview. ""On average, children have 1,300 photos of themselves circulating on social media platforms before the age of 13, before they are even allowed to have an account,"" he added.",In Society
Thanet pupils discuss how to stay safe online,news,The whole-school event gave children a voice about how they want the internet to be safer,"SAFER INTERNET DAY: Promoting the safe, responsible and positive use of digital technology 


Ramsgate pupils took part in a series of learning and discussion activities as part of the nationwide annual Safer Internet Day.
A kinder and safer Internet experience is what children at Ramsgate Arts Primary School want to see developed. All pupils from Reception to Year 6 took part in the 
whole-school event
 that focused on giving children a voice about how they want the internet to be safer for them to use.",Education
INTERNATIONAL DIGITAL LEARNING DAY,news,by Amanda Ilaitia23/02/202323/02/2023,"by 

23/02/2023
23/02/2023
0
110
 
 
Share
0
 
 
 
 
Today is International Digital Learning Day and students enrolled at Buk Bilong Pikinini's Koki Markets Library Learning Centre will be showcasing the program content.
 
BbP is launching its Digital Learning Program, this was developed in house for 5-year-olds. The goal of this program is to ensure children have access to safe and appropriate content in the online world.
 
As technology rapidly advances, children are increasingly exposed to online platforms and apps via devices like phones, tablets and computers.",Education
Creating a safer digital space for children,news,"By Yamikani Yapuwa Blantyre, February 23, Mana; Jack aged 10, learns at one of the prestigious schools in Blantyre. At his age, he is already into technology. He has a dual sim tablet and a laptop at…","By Yamikani Yapuwa
 


Matemba- Parents have an obligation to ensure that young children do not access inappropriate content-Pic by Arkangel Tembo
 
Blantyre, February 23, Mana; 
Jack aged 10, learns at one of the prestigious schools in Blantyre. At his age, he is already into technology. He has a dual sim tablet and a laptop at home which are connected making it easy for him to surf the internet.
 
Jack says he can install apps from the Play Store as well as operating the laptop on his own without the help of an adult.",Parenting
,,,,
'His life was taken': Family set up charity to warn of online dangers after son's death,news,George and Areti Nicolaou believe their son Christopher was groomed by dangerous social media chat rooms and forums filled with every parents' fears. | ITV News London,"The parents of a 15-year-old boy who died after he become involved in a dark web forum are urging families to recognise signs their children are in danger from online predators.

George and Areti Nicolaou, from Waltham Cross, have set up a charity to help young people cope with online pressures in memory of their son Christoforos - known as Christopher - who took his own life last March after taking part in a series of online challenges he found on the dark web.

His family hope the Christoforos Foundation will help teenagers access activities away from social media.",Parenting
Play therapist says mindfulness is critical to a child's development,news,"If Covid taught us anything it was to slow down, be more mindful and present in our lives, and play therapist and counsellor Laura Jean Collins says we should be telling our children the same","There's no denying that the world has never been a busier place. The impact of Covid taught us all to slow down and never take life for granted, but as aspects of live slowly returned to normal in the aftermath of the pandemic, it's not a surprise that many of us have forgotten this. 
 
Busy life schedules and having the world of technology at our fingertips mean it's harder than ever to switch off and wind down, and the same goes for our kids. 
 
Enter play therapist, counsellor, and mum of three Laura Jean Collins, who says it's never been so important to encourage and practise mindfulness - and not just for us, for our children too.",In Society
Setting screen time limits for children,news,"Globally, there has been an exponential increase in children's exposure to screen time. Babies, toddlers and children of varying ages now have access to many digital devices, such as television,…","Globally,
 there has been an exponential increase in children's exposure to screen time. Babies, toddlers and children of varying ages now have access to many digital devices, such as television, computers, phones and tablets, among others.

Babies are inquisitive and would always mimic what their parents and peers around them are doing. This further explains why a nine-month-old baby would toddle to the front of the TV screen and move to the actions being displayed.

Undoubtedly, the positive effects of these technological devices have contributed to seamless communication and connection among individuals, groups and communities, improved teaching and learning methods and social bonding.",In Society
"How To: Child-proof Your Android Smartphone, a Complete Guide",news,Discover how to set up a child-proof Android smartphone with our comprehensive guide. Protect your child from harmful content with parental controls.,"With the advancement of 
technology 
and introduction of online classes, children are gaining more access to smartphones and tablets. While these devices can be great educational tools, they also come with potential risks.
 
To ensure your child stays safe while using these devices, it's important to set them up with effective child protection.
 
In this article, we will share a detailed method on how to make your Android smartphone and digital devices childproof.
 
Setup child-proof Android smartphone:
 
If you want to give your child their own Android phone or tablet, Google has many ways to keep them safe.",Education
How The Use of Social Networks Affects Teenagers,news,Many parents are concerned about how exposure to technology might affect young children's development. We know that our preschoolers are acquiring new,"Many parents are concerned about how exposure to technology might affect young children's development. We know that our preschoolers are acquiring new social and cognitive skills at an impressive rate, and we don't want hours glued to an electronic device to impede this. But adolescence is an equally important and rapidly developing period. Too few of us are paying attention to how our teens' technology use (far more intense and intimate than that of a 3-year-old playing with his dad's phone) affects them.",Parenting
Six tips for keeping children safe online,news,"If you're a parent of teenagers, you might feel like your kids have the upper hand when it comes to technology. As digital natives, teens intrinsically (or so it seems) understand what platforms,…","Credit: Shutterstock 
 
 




If you're a parent of teenagers, you might feel like your kids have the upper hand when it comes to technology. As digital natives, teens intrinsically (or so it seems) understand what platforms, programs, apps, and social media channels to use when—and, unlike many of the adults in their lives, they know how to use them. 
 
 
As a result, it can be daunting for parents and guardians to figure out how to guide their children in safely using 
digital tools
. What is t",Parenting
"'Yellowstone' fans ignite a western sport, cell phone safety for kids and more (Video)",news,"We head to Texas to see how the hit TV show ""Yellowstone'' is igniting the old western sport of cutting. And we look at ways parents can keep children safe from potential dangers on their... - Social News XYZ","We head to Texas to see how the hit TV show ""Yellowstone'' is igniting the old western sport of cutting. And we look at ways parents can keep children safe from potential dangers on their...


The post 
'Yellowstone' fans ignite a western sport, cell phone safety for kids and more (Video)
 appeared first on 
Social News XYZ
.",Parenting
Is handwriting still relevant in the 21st Century?,news,Is handwriting a dying art or is keyboarding taking over?,"By Marilyn Sheridan, in 
Lifestyle
 · 
28 Feb 2023, 12:01
 · 
0 Comments
 
When was the last time you actually wrote anything other than a scribbled shopping list or noted a phone number to stick on the fridge?
There are arguments both for and against handwriting, and nowadays people choose keyboarding for most things. Taking notes by hand is better for learning than using a keyboard, say psychologists, or maybe this is being mooted because we are typing more than we are writing. Taking notes by hand at university or college gives students a chance to explore their notes in more detail by studying after a lecture, for example, maybe typing up their completed reports or notes on a keyboard later – but perhaps it is quicker to type the notes in the first place.",Education
Grab Discounted Kindle Paperwhite Kids E-Readers Starting at $105,news,"Today only, you can save up to $75 on this waterproof e-reader designed for kids.","Tablets may have a more versatile set of skills, but for avid readers who want a distraction-free reading experience, 
e-readers
 aimed at providing a portable library on the go are a better option. Amazon's Kindle lineup has been a favorite for book lovers for ages, with a number of models that offer different features depending on your needs -- including kids. And right now, you can get the Kindle Paperwhite Kids edition from Amazon at a discount. Prices start at $105, but these offers expire tonight, so be sure to make your purchase before then if you want to cash in on this deal.",Education
East Hartford police warn parents after 3 children targeted on app,news,"EAST HARTFORD, Conn. (WTNH) — East Hartford police are warning parents about a new social media app that internet predators are using to solicit nude photographs from children. 'The int…","EAST HARTFORD, Conn. (WTNH) — East police are warning parents about a new social media app that internet predators are using to solicit nude photographs from children.
 
'The internet is a scary place,' said Briahna Martin, an investigator with the East Police Department. 'It's big. You don't know who you are talking to on the other side of the screen.'
 
TIYA describes itself as a social entertainment app where users can chat, play games and watch videos with each other. But Martin said some adult users are targeting and messaging kids in an attempt to get the photos.",In Society
Man Shares Thoughtful Pic To Emphasize Technology Dependency,news,"One individual pointed out how humans are totally dependent on phones and wrote, 'Now we are tied with smartphones.'","The advancement of technology not only has made our life easier but also efficient. However, it also has made us completely dependent on gadgets like our smartphones and tabs. Mirroring this lifestyle shift, Indian Administrative Service (IAS) officer Awanish Sharan gave Twitter users a reality check. He shared a photo with the message – 'When the phone was tied with a wire."" It makes one wonder how technology has evolved and now affects us in our regular lives. A lot of social media users agreed to the hard-hitting post and dropped comments like 'true"" and 'couldn't agree more.",In Society
Tablet-based game can assess pediatric visual motor skills in autism,news,"A tablet-based game is feasible for assessing visual motor skills in neurotypical children and those with autism spectrum disorder, according to a study published online Feb. 3 in npj Digital…","A tablet-based game is feasible for assessing visual motor skills in neurotypical children and those with autism spectrum disorder, according to a study published online Feb. 3 in 
npj Digital Medicine
. 
Sam Perochon, from Duke University in Durham, North Carolina, and colleagues examined the use of a bubble-popping game administered on a tablet as an assessment of visual-motor abilities in 
young children
. Participants included 233 children aged 1.5 to 10 years: 147 neurotypical and 86 diagnosed with 
autism spectrum disorder
, 32 of whom had co-occurring attention-deficit/hyperactivity disorder (autistic+ADHD).",Menatal Health
Financial Literacy: How Crypto Made Investing Kid-Friendly,news,Skills in financial literacy are critical in building our future. Kids of the digital generation build them by learning about digital money.,"Financial literacy is insufficient for the bigger part of the world's population.
The pandemic democratized the world of finances.
Younger generations prefer gamified ways to learn about finances.

Financial education is largely absent from public school programs worldwide. But the brave new world of digital money, blockchain, artificial intelligence, virtual reality, and metaverse gaming is changing the status quo.

Generation Alpha, the first digitally native generation born after 2010, often starts to get acquainted with financial topics with digital money.",In Society
Why People Who Play Video Games Are Smarter & More Successful,news,Game ON!,"Kids and most adults love to play video games and would play all day and night if their parents (and work schedule) let them. In fact, adults who play video games actually have higher levels of happiness and relaxation. What better way to escape from the stresses of life?
But for kids, parents and experts have discussed the potential harm of video games. Previous studies have suggested 
children learn violence
 and other negative behaviors from playing with them.
But 
a new study
 has found that children who play video games have almost 
twice the odds of having a high intellectual
 function and high overall school competence.",Menatal Health
We have to help Pennsylvania teens avoid online sextortion. Here's how,news,"How do we balance the value of learning and staying connected to friends through social media, with risks ranging from cyberbullying to sextortion?","VIDEO: Rep. KC Tomlinson speaks about legislation in 'sextortion' case
Rep. KC Tomlinson speaks about legislation aimed to handle those charged with sexual extortion that leads to injuries or death of a victim.
We lock our doors at night to keep our children safe. Some of us set our home alarms. After all, there is nothing more important than protecting our children. But when your children go online, their door is open to the world and the world to them. Sadly, individuals who prey on children and teens can be 'friending' them on the social media sites they use.",Parenting
East Hartford police warn of child enticement on social media app,news,East Hartford police sent out a warning to parents about children being targeted on a social media app.,"EAST HARTFORD, CT (WFSB) – East Hartford police sent out a warning to parents about children being targeted on a social media app.
Police said they have received several reports of child enticement on the social media app TIYA.
'The app allows users to chat, watch videos, listen to music, and play games with other users of the app,' said East Hartford police.
According to police, adult users try to solicit nude photos from children using the app.
East Hartford police said they have received several reports of this in recent months.",In Society
N.J. Legislators Propose Punishing Social Media Companies For Kids' Online Addiction,news,"For teenagers like Nidhi Das, social media became a cherished lifeline to friends during the pandemic's early days. But as regular life resumed, Das didn't like how tethered she felt to it. Social…","For teenagers like Nidhi Das, social media became a cherished lifeline to friends during the pandemic's early days.
But as regular life resumed, Das didn't like how tethered she felt to it. Social media became her go-to boredom buster, and even the misinformation that infects many platforms kept her swiping.
'The algorithm, it curates to what you like. And people would make up little controversies, so that might encourage you, like ‘oh, let me look into that.' Even if it's not true, I still want to know like: ‘Oh, where did that stem from?'' said Das, 17, a high school senior from Lawrenceville.",In Society
Is Texas Really Going To Try To Ban Social Media In 2023?,news,No one ever said parenting was going to be easy.,"For generations we have warded off the evils attempting to harm our kids. Everything from Elvis' hips to video games has plagued parents' nightmares regarding the safety of their young ones. Now, social media is the perceived threat to our children and their well being.
Is Texas really going to try to ban social media, for teens, in 2023? We've already seen the 
TikTok ban
 on devices used for 
conducting State business
.
Say Hello To HB 896 In Texas, Banning Teens From All Social Media
On it's face, it sounds like a good idea.",In Society
Kids' screen time skyrocketed during pandemic — and it's still higher than pre-COVID,news,"Average daily screen time for kids is more than double the recommendation of the American Academy of Pediatrics, according to a new study published in JAMA Network Open.","Kids' screen time increased early in the 
COVID-19
 pandemic amid lockdowns and stay-at-home measures.
But even after precautions were lifted and people resumed normal activities, it remained higher, according to a new study published on Feb. 15 in JAMA Network Open.
The study — led by Monique M. Hedderson, PhD, a research scientist at the Kaiser Permanente 
Northern California
 Division of Research — looked at the screen usage of 228 children aged 4 years to 12 years across three U.S. states.

Researchers compared screen times during three periods: pre-pandemic (July 2019 to March 2020), early pandemic (December 2020 to April 2021), and later in the pandemic (May 2021 to August 2021).",In Society
Kids' screen time skyrocketed during pandemic — and it's still higher than pre-COVID,news,"Kids' screen time increased early in the COVID-19 pandemic amid lockdowns and stay-at-home measures. But even after precautions were lifted and people resumed normal activities, it remained higher,…","Kids' screen time increased early in the 
COVID-19
 pandemic amid lockdowns and stay-at-home measures.


But even after precautions were lifted and people resumed normal activities, it remained higher, according to a new study published on Feb. 15 in JAMA Network Open.


The study — led by Monique M. Hedderson, PhD, a research scientist at the Kaiser Permanente 
Northern California
 Division of Research — looked at the screen usage of 228 children aged 4 years to 12 years across three U.S. states.",In Society
"To stop kids from getting hooked to the internet, China to tighten web video curbs",news,"China already has rules in place that limit the amount of time under-18 year-olds can spend on video games to three hours a week, a move it said was necessary to combat online gaming addiction","Though no specific measures were announced on Monday, policies introduced by regulators last year included banning minors from tipping live streamers and ordering domestic streaming and social media platforms to conduct regular minor-focused cyber-protection assessments. File Photo. 
 
 
Beijing:
 China will tighten curbs on management of short videos as part of efforts to prevent children from becoming addicted to them, the National Radio and Television Administration (NRTA) said on Monday.


'Create a clean space for short videos, improve the level of protection of minors, and play a subtle and positive role in cultivating sentiment, enlightening minds, and leading trends,' a statement released by NRTA on its website describing an internal meeting held on the issue of minor addiction, read.",In Society
East Hartford Police Warn Parents About Child Enticement on Social Media,news,"Police in East Hartford are warning parents to be cautious of child enticement on a social media app called T!YA. The app allows people to chat, watch videos, listen to music and play games with other…","NBC News
 
 
 
 
Police in East Hartford are warning parents to be cautious of child enticement on a social media app called T!YA.
 
The app allows people to chat, watch videos, listen to music and play games with other people. Police say they've had multiple reports of minors being targeted by adults on the app to solicit nude photos.
 
The police department is urging parents to keep an eye on their children's social media use and interactions while using T!YA. 
 
Officers say parents should talk to their kids about appropriate online interactions and internet safety.",In Society
East Hartford police warn parents about social media app targeting children,news,East Hartford police say they have received multiple reports of adults using the...,"East Hartford police issued a warning for parents about the messaging app TIYA after reports of multiple instances where adults tried to entice nude photos from children through the app.
East Hartford Police / Contribut
EAST HARTFORD — Local police are warning parents about a voice chat app after receiving ""multiple reports"" of minors being targeted by adults trying to persuade them to send nude photos.
The app, TIYA, stylized as T!YA, allows users to access chat rooms, talk to their friends and play games with other users.",In Society
"WPD Detective Jacobsen to talk about social media, safety at W-SR Middle School conferences",business,"Holly Jacobsen is a parent and a police detective. Both personally and professionally, she knows first hand the dangers that lurk online for young kids.","Holly Jacobsen is a parent and a police detective. Both personally and professionally, she knows first hand the dangers that lurk online for young kids.
The Waverly police officer will be sharing her experiences and her research with parents and students who attend the parent teacher conferences on Feb. 27, during two sessions starting at 5 p.m. and 6 p.m., respectively, at the Waverly-Shell Rock Middle School in room A103.
Titled ‘Social Media and Safety,' the presentation dives into the online experiences kids are subjected to.",Parenting
China to tighten web video curbs to prevent kids from addiction,news,"BEIJING (Reuters) - China will step up the management of short videos as part of efforts to prevent children from becoming addicted to them, the National Radio and Television Administration (NRTA)…","BEIJING (Reuters) – China will step up the management of short videos as part of efforts to prevent children from becoming addicted to them, the National Radio and Television Administration (NRTA) said on Monday. 


'Create a clean space for short videos, improve the level of protection of minors, and play a subtle and positive role in cultivating sentiment, enlightening minds, and leading trends,' according to an NRTA statement on its website describing an internal meeting held on the issue of minor addiction.",In Society
East Hartford Police Warn of Social Media App Dangers for Children,news,"A warning to East Hartford parents from police. Officers are urging parents to monitor their child's social media use, saying they're getting reports of children being targeted by adults on a specific…","A warning to East Hartford parents from police. Officers are urging parents to monitor their child's social media use, saying they're getting reports of children being targeted by adults on a specific app.
 
With a sleek open and many ways to chat with people online, this is the social media app Tiya. It's the focus of a 
warning from East Hartford Police
.
 
The police department 
posted on Facebook
 stating officers received several reports in recent months of adults asking children for nude photos through Tiya.",Parenting
ReasonLabs Launches FamilyKeeper Parental Control App to Protect Kids Online and Make Parenting Easier in the Digital World,news,"/PRNewswire/ -- ReasonLabs, the cybersecurity pioneer equipping families and individuals worldwide with the same level of cyber protection utilized by Fortune...","Available on Android and iOS, FamilyKeeper enables parents to monitor social media conversations, track their children's locations, prevent cyberbullying, and exposure to harmful content


NEW YORK
, 
Feb. 28, 2023
 /PRNewswire/ -- 
ReasonLabs
, the cybersecurity pioneer equipping families and individuals worldwide with the same level of cyber protection utilized by Fortune 500 companies, today announced the launch of 
FamilyKeeper
, a parental control app for Android and iOS. The FamilyKeeper parental control app helps make parenting easier in the digital world by equipping parents with the tools they need to protect their kids online.",In Society
"Gamers Outreach Founder Zach Wigal Discusses Bringing People Together, Supporting Patients, and More",news,"Game Rant talks to Gamers Outreach founder Zach Wigal about how video games bring people together, support children's well-being in hospitals and more","Gamers Outreach
 is a charity that helps make video games accessible for children in hospitals through its 4 core programs, including its portable GO-Kart gaming kiosks for which the organization is most widely known. Gamers Outreach is on a mission to bring video games to hospitals across the United States and beyond so that one day people look back and remember a time in history when video games in hospitals weren't a thing.
 
Game Rant recently spoke with Gamers Outreach's founder, Zach Wigal, about how the charity began and how it has evolved over the years as a life quest and passion for many who are now involved in its work.",In Society
Thai sextortion gangs luring kids to send nude photos by offering game items,news,BANGKOK (The Nation/Asia News Network): Police have warned that 'cyber sextortion' gangs are luring children to send photos of themselves naked in exchange for rare items from online games.,"BANGKOK (The Nation/Asia News Network): Police have warned that 'cyber sextortion' gangs are luring children to send photos of themselves naked in exchange for rare items from online games.
 
The gangs contact children via chat features in social media or within the games. They then offer digital items from the games to lure them into sending nude photos, which are later used to extort money from the victims, said police spokeswoman Noppawan Panya (pic) on Sunday.
 
'Some gangs also distribute these photos to groups of paedophiles,' she said.",In Society
I'm a screen time expert and this is how I limit my kids' tech diet,news,"Establishing guidelines and communicating them clearly can keep children from lashing out if you take away the iPad some days and not others, she said.","With 
childhood screen use
 up 52% since the pandemic, getting your kids off their iPad might be more important now than ever before.
Screen limits are important because 
studies
 
have shown
 that screens work as an ""emotional pacifier"" that distract kids from feeling difficult emotions, including boredom, according to Anya Kamenetz, the author of 
""The Art of Screen Time: How Your Family Can Balance Digital Media and Real Life""
 and a self-described 
screen time expert
, 
Too much time online can also stymie conversational skill development and the ability to learn social cues, a trend that's becoming more common, an adolescent psychologist 
previously told Insider
.",Menatal Health
Pink Shirt Day: Delta Police offer tips to stop online bullying,news,The Delta Police Department works with our partners from the Delta School District to provide education and resources around bullying.,"In today's digital world where our youth are constantly connected through social media, online gaming, and chat groups, it is difficult for kids to escape bullying and harassment.
 
In years past, if a youth was bullied at school, they at least had refuge at home. Today, there is no escape. Most of the harassment and bullying files that the Delta Police Department investigates involve an element of chat group or social media harassment/bullying/threats. Occasionally, these files lead to physical assaults.",In Society
Thai sextortion gangs luring kids to send nude photos by offering game items » Borneo Bulletin Online,news,ANN/THE NATION – Police have warned that 'cyber sextortion' gangs are luring children to send photos of themselves naked in exchange for rare items from online games. The gangs contact children via…,"- Advertisement -






ANN/THE NATION – Police have warned that 'cyber sextortion' gangs are luring children to send photos of themselves naked in exchange for rare items from online games.


The gangs contact children via chat features in social media or within the games.


They then offer digital items from the games to lure them into sending nude photos, which are later used to extort money from the victims, said police spokeswoman Noppawan Panya on Sunday.


'Some gangs also distribute these photos to groups of paedophiles,' she said.",In Society
China to Tighten Web Video Curbs to Prevent Kids from Addiction,news,"China will step up the management of short videos as part of efforts to prevent children from becoming addicted to them, the National Radio and Television Administration (NRTA) said on Monday. ""Create…","China will step up the management of short videos as part of efforts to prevent children from becoming addicted to them, the National Radio and Television Administration (NRTA) said on Monday.
 
'Create a clean space for short videos, improve the level of protection of minors, and play a subtle and positive role in cultivating sentiment, enlightening minds, and leading trends,' according to an NRTA statement on its website describing an internal meeting held on the issue of minor addiction.
 
The statement is the latest in a campaign launched by China's media regulators over a year ago that has significantly tightened the rules surrounding livestreaming, video gaming, and Internet usage among minors.",In Society
I'm a screen time expert and this is how I limit my kids' tech diet,news,A screen time expert said she limits her kids screen time to about 30 minutes on weekdays. She said parents must establish guidelines around screen use,"With 
childhood screen use
 up 52% since the pandemic, getting your kids off their iPad might be more important now than ever before.


Screen limits are important because 
studies
 
have shown
 that screens work as an ""emotional pacifier"" that distract kids from feeling difficult emotions, including boredom, according to Anya Kamenetz, the author of 
""The Art of Screen Time: How Your Family Can Balance Digital Media and Real Life""
 and a self-described 
screen time expert
, 


Too much time online can also stymie conversational skill development and the ability to learn social cues, a trend that's becoming more common, an adolescent psychologist 
previously told Insider
.",Menatal Health
Classroom robot helps keep kids with learning disabilities on track,news,"Students with learning disabilities (LD) struggle with particular skills like reading, writing, or mathematics and often require additional, individualized support to fill educational gaps. A team of…","Students with learning disabilities (LD) struggle with particular skills like reading, writing, or mathematics and often require additional, individualized support to fill educational gaps. A team of researchers and experts has found that a cute little robot may help children with learning disabilities stay focused.
Learning disabilities cause students to be prone to distraction, meaning that they can struggle to stay focused on a task, become fidgety, and refuse to complete work. One-on-one interventions have been shown to benefit students with LD.",Education
NatWest Rooster Money CEO on Making Money ‘Tangible' for Cash-Free Kids,news,"Will Carmichael, CEO at NatWest Rooster Money, tells PYMNTS that as it is harder to make money ‘tangible' for kids growing up in cashless societies.","Making financial decisions is part of everyday life, and that means being financially literate is not just a nice to have, but a core life skill for any individual.


And it needs to start right from childhood, 
Will Carmichael
, CEO at U.K.-based FinTech firm 
NatWest Rooster Money
, told PYMNTS, giving kids and young people a good head start on their journey to financial independence.


'Research shows that we form a lot of money habits by the age of 7, and actually as adults, around 40% of what we do day to day is put down to habit,' Carmichael said in an interview.",In Society
"Proposed age verification bills across US online privacy, anonymity debate",news,More than 20 state legislatures have proposed bills aimed at introducing age verification for social media and adult content websites.,"Moves by some state houses of representatives in the United States to put in place laws that restrict access to social media and adult content sites by children are sparking a debate over online privacy and anonymity.


Bloomberg Law in a 
report
 notes that more than 20 state legislatures in the country have proposed bills which are at different levels all aimed at introducing age verification for social media and adult content websites access and the reaction from some stakeholders has been varied.",In Society
'Take It Down': New tool allows teens to remove explicit images,news,"A new online tool aims to give some control back to teens, or people who were once teens, and take down explicit images and videos of themselves from the internet.","ah yeah, you know me, I show you apps all the time. I find new ones that look interesting. We try them out together. But this time something *** little different. It's more personal for me this time because I'm gonna show you *** few safety apps that I use every day myself with my own kids. These are the apps that help me monitor their screen time. What exactly are they doing on social media? What apps are they using? And these apps also keep them safe when they leave the house. I hope this helps you.",Parenting
Tik Tok Parents Get Backlash For Posting Disney Height Rule Hack,news,Some parents who are pretty well known for posting their life hacks on Tik Tok are in a bit of hot water after suggesting that they make their young son wear lifts in his shoes in order to make him tall enough for the rides at Disney.,"Some parents who are pretty well known for posting their life hacks on Tik Tok are in a bit of hot water after suggesting that they make their young son wear lifts in his shoes in order to make him tall enough for the rides at Disney. Those rules are definitely there for safety reasons so people feel like they're putting their kid in danger by trying to skirt the rules.

Of course in true internet fashion it turns out that the kid was tall enough to get on the rides anyway and that the parents were doing all of this purely for internet clout.",Parenting
"'Parents beware,' police warn about latest Tik Tok 'Flash Challenge'",news,Officers think a social media trend could hurt children for years to come.,"MIAMI - Miami Police recorded a podcast warning for parents. Officers think a social media trend could hurt children for years to come.

It is called the ""Closet Challenge"" or ""Flash Challenge,"" officers Nicholas Perez and Rafael Horta said in their podcast released Thursday.

""It's so new they have different names for it,"" the officers said in their podcast. ""Usually typically females are flashing their chest to the camera in conspicuous ways through a reflection of a TV, through a reflection of a spoon.",In Society
Daughter's viral TikTok helps her dad's book become a first-time bestseller,news,"A TikTok video boosts book sales after one daughter posts about her dad's published novel. ""Stone Maidens"" is now selling better than ever before. Category : Viral & Trending, What To Read","Thanks to a viral TikTok video posted by his daughter, author Lloyd Devereux Richards' book just became a bestseller more than a decade after it was first published. 
 
Richards spent 14 years working on his passion project, a thriller novel, while also keeping up with the demands of his corporate job and raising three kids. When he published his first book, '
Stone Maidens
,' in 2012 he only received modest sales. Now, one viral video has changed all of that. 
 
 
The video starts with the text, 'My dad spent 14 years writing a book,' and shows snippets of Richards hard at work in his home office.",In Society
Woman Whose Child Was Adopted 11 Years Ago Faces Backlash For Posting A Video To Try & Find Her On Her Birthday,news,One Birth Mom Is Trying To Reconnect With Her Child Lost To A Closed Adoption,"A TikTok user's heartbreaking way of honor her child's birthday received an unexpectedly harsh response after her video documenting the day went viral.
Abby Fred (@abbyfred) posted a heartfelt video explaining her story as a mom whose daughter was adopted and then cut off from her.
Abby explains that when she was 18 years old she gave her daughter, Ellie, up for an open adoption where she would be allowed to visit and connect with her child.
Unfortunately, a few weeks after taking the child in, the adoptive family closed the adoption on the birth parents, restricting their ability to contact the child at all.",Parenting
"'Libs of TikTok' creator, Chaya Raichik, now helping families to 'spot predatory behavior'",news,"'Libs of TikTok' creator, Chaya Raichik, now helping families to 'spot predatory behavior'","'Libs of TikTok' creator, Chaya Raichik, now helping families to 'spot predatory behavior'
Chaya Raichik, creator of Libs of TikTok, a social media site with some two million followers, is coming out with an illustrated children's book called 'No More Secrets.'
parents and children a tool that they can use to actually be able to spot predatory behavior,"" she said in a statement shared with Digital by her publisher, Brave Books.These authors are using ChatGPT to write books and sell them on Amazon Chaya Raichik, the founder of the anti-woke social media account 'Libs of TikTok,' is publishing her first kid's book next month.",In Society
What's the Reason Behind China's Exclusion from the Global Tik Tok Craze?,news,"There is no doubt that the TikTok platform, which has become the most popular in the world, is not like that in China, in how much the country of a billion depends on another application that offers a less harmful product and is designed to protect its youth. In detail, a new technical report, citing […]","There is no doubt that the TikTok platform, which has become the most popular in the world, is not like that in China, in how much the country of a billion depends on another application that offers a less harmful product and is designed to protect its youth.

In detail, a new technical report, citing specialists from the US Department of Defense, says that the TikTok platform, which penetrates the devices of young people and teenagers, does not in China, in How much questThe latest adopts a local version of another application called Douyin and has its own laws to protect users.",In Society
Dove and the Butterfly Foundation join forces to #DetoxYourFeed,news,"Dove has partnered with the Butterfly Foundation to combat toxic social media trends affecting young girls' self esteem, with ambassador Melissa Doyle encouraging girls to #DetoxYourFeed. The…","Dove has partnered with the Butterfly Foundation to combat toxic social media trends affecting young girls' self esteem, with ambassador Melissa Doyle encouraging girls to #DetoxYourFeed.
New research from the Dove Self-Esteem Project has revealed the startling impact of idealised beauty content on social media, with almost half (46%) of young girls in Australia admitting they have undertaken at least one beauty procedure, such as tanning (19%), teeth whitening (20%), and eyelash extensions (15%) as a result of toxic influencer advice.",In Society
Social media: Mental health looped with false advertising by Amina Zara Khatun EGLA,science,"Although there are many benefits to utilising social media for certain things such as communication between friends and families, there is a very…","Social media: Mental health looped with false advertising by Amina Zara Khatun EGLA 
(Image: Unsplash)
 
 
 
 
 
 
 
 Although there are many benefits to utilising social media for certain things such as communication between friends and families, there is a very harmful side to it which may go unnoticeable  most times.

 


 Reports have shown that 59% of society is accessing social media which includes young kids, and it is estimated that 4.62 billion social media users are located around the world.",In Society
Teens turning to TikTok for mental health advice are self-diagnosing,news,A California psychology professor has gained a million followers on TikTok by debunking 'wellness' advice that could do more harm than good.,"It's a relatable feeling. You're feeling unwell, have multiple symptoms, and you decide to Google what might ail you. Sometimes doom takes hold and you self-diagnose with the worst-case scenario. But it's not just physical ailments. CBS News found that as the mental health crisis among American teens deepens, they seek out alternative forms of support and information. Increasingly young people turn to social media platforms like TikTok and diagnose themselves with serious mental health problems.
With qualified therapists expensive and increasingly hard to find many young people search for answers on social media platforms where the answers are abundant and free but not necessarily accurate.",In Society
